"","PROGRAMA RADIOFÔNICO “HORA MILAGROSA”01Hino dedicado às Mães02Três Letras03Mães Eternas Mães04Hoje é o dia das Mães05Homenagem as nossas mães celestiais06Mães queridas07Dia Consagrado08Eterna Alegria09Mãe10Homenagem Sincera11Rainhas do Jardim Celestial12Gratidão a Maria Santíssima13Lindo dia das Mãe14Mães divinais15As Mães Santas16Dia das Mães tão querido17Amor e Compreensão18O dia das Mães19Prestamos homenagens20Mães adoráveis Mães21Mães de eterna pureza22Louvor  as Mães23O grande exemplo24Santas Mães25Santa Maria26Mães Nosso Eterno Louvor27Mãe Sabedoria do Infinito Amor28Mãe Nome SublimeRua Baguari, 158 - Tatuapé - São Paulo - SP – CEP 03084-900 – Fone (11) 2941-7066 – (Copyright © 1954-2015)www.apostolica.com.br      www.horamilagrosa.org",,
"",,,
"",,,
"",,01,Hino dedicado às Mães
"",,02,Três Letras
"",,03,Mães Eternas Mães
04,Hoje é o dia das Mães,,
"",,05,Homenagem as nossas mães celestiais
"",,06,Mães queridas
"",,07,Dia Consagrado
"",,08,Eterna Alegria
"",,09,Mãe
"",,10,Homenagem Sincera
"",,11,Rainhas do Jardim Celestial
"",,12,Gratidão a Maria Santíssima
"",,13,Lindo dia das Mãe
"",,14,Mães divinais
"",,15,As Mães Santas
"",,16,Dia das Mães tão querido
"",,17,Amor e Compreensão
"",,18,O dia das Mães
"",,19,Prestamos homenagens
"",,20,Mães adoráveis Mães
"",,21,Mães de eterna pureza
"",,22,Louvor  as Mães
"",,23,O grande exemplo
"",,24,Santas Mães
"",,25,Santa Maria
"",,26,Mães Nosso Eterno Louvor
"",,27,Mãe Sabedoria do Infinito Amor
"",,28,Mãe Nome Sublime
"",,,
"PROGRAMA RADIOFÔNICO “HORA MILAGROSA”01Hino dedicado às Mães02Três Letras03Mães Eternas Mães04Hoje é o dia das Mães05Homenagem as nossas mães celestiais06Mães queridas07Dia Consagrado08Eterna Alegria09Mãe10Homenagem Sincera11Rainhas do Jardim Celestial12Gratidão a Maria Santíssima13Lindo dia das Mãe14Mães divinais15As Mães Santas16Dia das Mães tão querido17Amor e Compreensão18O dia das Mães19Prestamos homenagens20Mães adoráveis Mães21Mães de eterna pureza22Louvor  as Mães23O grande exemplo24Santas Mães25Santa Maria26Mães Nosso Eterno Louvor27Mãe Sabedoria do Infinito Amor28Mãe Nome SublimeRua Baguari, 158 - Tatuapé - São Paulo - SP – CEP 03084-900 – Fone (11) 2941-7066 – (Copyright © 1954-2015)www.apostolica.com.br      www.horamilagrosa.org",
01,Hino dedicado às Mães
02,Três Letras
03,Mães Eternas Mães
04,Hoje é o dia das Mães
05,Homenagem as nossas mães celestiais
06,Mães queridas
07,Dia Consagrado
08,Eterna Alegria
09,Mãe
10,Homenagem Sincera
11,Rainhas do Jardim Celestial
12,Gratidão a Maria Santíssima
13,Lindo dia das Mãe
14,Mães divinais
15,As Mães Santas
16,Dia das Mães tão querido
17,Amor e Compreensão
18,O dia das Mães
19,Prestamos homenagens
20,Mães adoráveis Mães
21,Mães de eterna pureza
22,Louvor  as Mães
23,O grande exemplo
24,Santas Mães
25,Santa Maria
26,Mães Nosso Eterno Louvor
27,Mãe Sabedoria do Infinito Amor
28,Mãe Nome Sublime
"PROGRAMA RADIOFÔNICO “HORA MILAGROSA”01Hino dedicado às Mães02Três Letras03Mães Eternas Mães04Hoje é o dia das Mães05Homenagem as nossas mães celestiais06Mães queridas07Dia Consagrado08Eterna Alegria09Mãe10Homenagem Sincera11Rainhas do Jardim Celestial12Gratidão a Maria Santíssima13Lindo dia das Mãe14Mães divinais15As Mães Santas16Dia das Mães tão querido17Amor e Compreensão18O dia das Mães19Prestamos homenagens20Mães adoráveis Mães21Mães de eterna pureza22Louvor  as Mães23O grande exemplo24Santas Mães25Santa Maria26Mães Nosso Eterno Louvor27Mãe Sabedoria do Infinito Amor28Mãe Nome SublimeRua Baguari, 158 - Tatuapé - São Paulo - SP – CEP 03084-900 – Fone (11) 2941-7066 – (Copyright © 1954-2015)www.apostolica.com.br      www.horamilagrosa.org"
""
