"","PROGRAMA RADIOFÔNICO “HORA MILAGROSA”01Cristo Palavra que é o Pão da Vida29Cantamos Com os Anjos02Eis o que disse Jesus30Gloriosa Promessa03Grande Felicidade31Saudade no Céu não Existe04A Missão do Messias32Num Belo Dia05O Natal é o Grande Dia33Homenagem à Querida Vó Rosa06Graças ao Nosso Jesus34Igreja Arrebatada07Sempre Alegres35Templo Santo do Espírito de Deus08Adoração de Natal36As Virtudes da Santa Vó Rosa09Vou me Batizar37Louvor a São Pedro10Vim Para o Batismo (Versão 1)38A Voz da Verdade11Manjedoura da Estrebaria39A Perfeita Luz da Verdade12Avante a Marchar40Louvamos a Virgem Maria13Canta o Coro Angelical41O Grande Amor Divino14Gratidão à Maria Santíssima42O Grande Aniversário15Festa Maravilhosa43Bondoso Primaz16Natal, Feliz Natal44A Justiça do Batismo17Em Belém45A Luz que Brilhou nas Trevas18Oh! Que Noite Linda46Frutos do teu Natal19Glória a Deus Nas Alturas47A Vinda do Salvador20Cântico dos Anjos48Dia de Vitória21Natal de Amor Nasceu o Salvador49A Vitória dos Santos - 1a Parte22Linda Noite de Natal50A Vitória dos Santos – 2a Parte23Hoje Temos a Vó Rosa Entre Nós51Estrela do Oriente (Versão 1)24Teu Povo Se Reuniu Senhor52Santo Natal25Alegria do Natal53A Estrela Que Hoje Brilha26Chegou o Natal54Silêncio e Paz27Natal Feliz55Glorificando o Teu Natal28O Nascimento do Salvador (Versão 1)56Data MaravilhosaRua Baguari, 158 - Tatuapé - São Paulo - SP – CEP 03084-900 – Fone (11) 2941-7066 – (Copyright © 1954-2015)www.apostolica.com.br      www.horamilagrosa.org",,,
"",,,,
01,Cristo Palavra que é o Pão da Vida,29,Cantamos Com os Anjos,
02,Eis o que disse Jesus,30,Gloriosa Promessa,
03,Grande Felicidade,31,Saudade no Céu não Existe,
"",04,A Missão do Messias,32,Num Belo Dia
"",05,O Natal é o Grande Dia,33,Homenagem à Querida Vó Rosa
06,Graças ao Nosso Jesus,34,Igreja Arrebatada,
"",07,Sempre Alegres,35,Templo Santo do Espírito de Deus
"",08,Adoração de Natal,36,As Virtudes da Santa Vó Rosa
"",09,Vou me Batizar,37,Louvor a São Pedro
"",10,Vim Para o Batismo (Versão 1),38,A Voz da Verdade
"",11,Manjedoura da Estrebaria,39,A Perfeita Luz da Verdade
"",12,Avante a Marchar,40,Louvamos a Virgem Maria
"",13,Canta o Coro Angelical,41,O Grande Amor Divino
"",14,Gratidão à Maria Santíssima,42,O Grande Aniversário
"",15,Festa Maravilhosa,43,Bondoso Primaz
"",16,"Natal, Feliz Natal",44,A Justiça do Batismo
"",17,Em Belém,45,A Luz que Brilhou nas Trevas
"",18,Oh! Que Noite Linda,46,Frutos do teu Natal
"",19,Glória a Deus Nas Alturas,47,A Vinda do Salvador
"",20,Cântico dos Anjos,48,Dia de Vitória
"",21,Natal de Amor Nasceu o Salvador,49,A Vitória dos Santos - 1a Parte
"",22,Linda Noite de Natal,50,A Vitória dos Santos – 2a Parte
"",23,Hoje Temos a Vó Rosa Entre Nós,51,Estrela do Oriente (Versão 1)
"",24,Teu Povo Se Reuniu Senhor,52,Santo Natal
"",25,Alegria do Natal,53,A Estrela Que Hoje Brilha
"",26,Chegou o Natal,54,Silêncio e Paz
"",27,Natal Feliz,55,Glorificando o Teu Natal
"",28,O Nascimento do Salvador (Versão 1),56,Data Maravilhosa
"",,,,
"PROGRAMA RADIOFÔNICO “HORA MILAGROSA”01Cristo Palavra que é o Pão da Vida29Cantamos Com os Anjos02Eis o que disse Jesus30Gloriosa Promessa03Grande Felicidade31Saudade no Céu não Existe04A Missão do Messias32Num Belo Dia05O Natal é o Grande Dia33Homenagem à Querida Vó Rosa06Graças ao Nosso Jesus34Igreja Arrebatada07Sempre Alegres35Templo Santo do Espírito de Deus08Adoração de Natal36As Virtudes da Santa Vó Rosa09Vou me Batizar37Louvor a São Pedro10Vim Para o Batismo (Versão 1)38A Voz da Verdade11Manjedoura da Estrebaria39A Perfeita Luz da Verdade12Avante a Marchar40Louvamos a Virgem Maria13Canta o Coro Angelical41O Grande Amor Divino14Gratidão à Maria Santíssima42O Grande Aniversário15Festa Maravilhosa43Bondoso Primaz16Natal, Feliz Natal44A Justiça do Batismo17Em Belém45A Luz que Brilhou nas Trevas18Oh! Que Noite Linda46Frutos do teu Natal19Glória a Deus Nas Alturas47A Vinda do Salvador20Cântico dos Anjos48Dia de Vitória21Natal de Amor Nasceu o Salvador49A Vitória dos Santos - 1a Parte22Linda Noite de Natal50A Vitória dos Santos – 2a Parte23Hoje Temos a Vó Rosa Entre Nós51Estrela do Oriente (Versão 1)24Teu Povo Se Reuniu Senhor52Santo Natal25Alegria do Natal53A Estrela Que Hoje Brilha26Chegou o Natal54Silêncio e Paz27Natal Feliz55Glorificando o Teu Natal28O Nascimento do Salvador (Versão 1)56Data MaravilhosaRua Baguari, 158 - Tatuapé - São Paulo - SP – CEP 03084-900 – Fone (11) 2941-7066 – (Copyright © 1954-2015)www.apostolica.com.br      www.horamilagrosa.org",
01,Cristo Palavra que é o Pão da Vida
02,Eis o que disse Jesus
03,Grande Felicidade
04,A Missão do Messias
05,O Natal é o Grande Dia
06,Graças ao Nosso Jesus
07,Sempre Alegres
08,Adoração de Natal
09,Vou me Batizar
10,Vim Para o Batismo (Versão 1)
11,Manjedoura da Estrebaria
12,Avante a Marchar
13,Canta o Coro Angelical
14,Gratidão à Maria Santíssima
15,Festa Maravilhosa
16,"Natal, Feliz Natal"
17,Em Belém
18,Oh! Que Noite Linda
19,Glória a Deus Nas Alturas
20,Cântico dos Anjos
21,Natal de Amor Nasceu o Salvador
22,Linda Noite de Natal
23,Hoje Temos a Vó Rosa Entre Nós
24,Teu Povo Se Reuniu Senhor
25,Alegria do Natal
26,Chegou o Natal
27,Natal Feliz
28,O Nascimento do Salvador (Versão 1)
"PROGRAMA RADIOFÔNICO “HORA MILAGROSA”01Cristo Palavra que é o Pão da Vida29Cantamos Com os Anjos02Eis o que disse Jesus30Gloriosa Promessa03Grande Felicidade31Saudade no Céu não Existe04A Missão do Messias32Num Belo Dia05O Natal é o Grande Dia33Homenagem à Querida Vó Rosa06Graças ao Nosso Jesus34Igreja Arrebatada07Sempre Alegres35Templo Santo do Espírito de Deus08Adoração de Natal36As Virtudes da Santa Vó Rosa09Vou me Batizar37Louvor a São Pedro10Vim Para o Batismo (Versão 1)38A Voz da Verdade11Manjedoura da Estrebaria39A Perfeita Luz da Verdade12Avante a Marchar40Louvamos a Virgem Maria13Canta o Coro Angelical41O Grande Amor Divino14Gratidão à Maria Santíssima42O Grande Aniversário15Festa Maravilhosa43Bondoso Primaz16Natal, Feliz Natal44A Justiça do Batismo17Em Belém45A Luz que Brilhou nas Trevas18Oh! Que Noite Linda46Frutos do teu Natal19Glória a Deus Nas Alturas47A Vinda do Salvador20Cântico dos Anjos48Dia de Vitória21Natal de Amor Nasceu o Salvador49A Vitória dos Santos - 1a Parte22Linda Noite de Natal50A Vitória dos Santos – 2a Parte23Hoje Temos a Vó Rosa Entre Nós51Estrela do Oriente (Versão 1)24Teu Povo Se Reuniu Senhor52Santo Natal25Alegria do Natal53A Estrela Que Hoje Brilha26Chegou o Natal54Silêncio e Paz27Natal Feliz55Glorificando o Teu Natal28O Nascimento do Salvador (Versão 1)56Data MaravilhosaRua Baguari, 158 - Tatuapé - São Paulo - SP – CEP 03084-900 – Fone (11) 2941-7066 – (Copyright © 1954-2015)www.apostolica.com.br      www.horamilagrosa.org",
29,Cantamos Com os Anjos
30,Gloriosa Promessa
31,Saudade no Céu não Existe
32,Num Belo Dia
33,Homenagem à Querida Vó Rosa
34,Igreja Arrebatada
35,Templo Santo do Espírito de Deus
36,As Virtudes da Santa Vó Rosa
37,Louvor a São Pedro
38,A Voz da Verdade
39,A Perfeita Luz da Verdade
40,Louvamos a Virgem Maria
41,O Grande Amor Divino
42,O Grande Aniversário
43,Bondoso Primaz
44,A Justiça do Batismo
45,A Luz que Brilhou nas Trevas
46,Frutos do teu Natal
47,A Vinda do Salvador
48,Dia de Vitória
49,A Vitória dos Santos - 1a Parte
50,A Vitória dos Santos – 2a Parte
51,Estrela do Oriente (Versão 1)
52,Santo Natal
53,A Estrela Que Hoje Brilha
54,Silêncio e Paz
55,Glorificando o Teu Natal
56,Data Maravilhosa
